candle_end_time,open,high,low,close,amount,info
2021-08-09,44.320,46.740,44.320,45.800,730430.000,
2021-08-10,45.820,47.270,45.300,46.950,663575.000,
2021-08-11,46.950,48.510,46.740,47.640,568555.000,
2021-08-12,47.440,48.240,47.150,47.420,397182.000,
2021-08-13,47.450,48.090,47.050,47.920,467405.000,
2021-08-16,47.940,47.980,46.240,47.610,744140.000,
2021-08-17,47.610,48.140,46.260,46.360,603232.000,
2021-08-18,46.730,50.310,46.660,49.880,1231242.000,
2021-08-19,49.540,49.840,48.100,48.320,676301.000,
2021-08-20,48.480,49.310,46.640,47.770,693765.000,
2021-08-23,48.220,49.610,47.950,48.630,539017.000,
2021-08-24,48.760,49.590,47.750,48.940,528277.000,
2021-08-25,49.320,49.450,47.950,48.170,407381.000,
2021-08-26,48.670,48.670,46.220,46.340,763035.000,
2021-08-27,46.440,47.560,46.240,47.090,386142.000,
2021-08-30,47.090,47.090,44.350,45.190,1079682.000,
2021-08-31,45.190,46.190,44.590,45.700,710440.000,
2021-09-01,45.620,47.690,45.340,47.530,826055.000,
2021-09-02,47.430,48.620,47.040,48.340,726201.000,
2021-09-03,48.440,49.070,47.150,48.740,642573.000,
2021-09-06,48.250,49.490,47.920,47.940,547428.000,
2021-09-07,48.030,49.820,47.190,49.550,772320.000,
2021-09-08,49.460,50.290,49.000,49.150,553907.000,
2021-09-09,48.840,49.420,48.420,48.840,357800.000,
2021-09-10,48.740,51.260,48.490,50.860,1070978.000,
2021-09-13,50.410,51.240,50.240,50.660,592830.000,
2021-09-14,51.040,51.630,48.540,48.840,631166.000,
2021-09-15,48.740,49.230,47.540,48.140,542338.000,
2021-09-16,47.970,48.570,46.950,47.440,629896.000,
2021-09-17,47.520,48.280,47.240,47.990,420165.000,
2021-09-22,45.420,46.720,44.840,46.150,1122596.000,
2021-09-23,46.240,47.270,45.350,45.580,861025.000,
2021-09-24,45.190,46.070,45.140,45.510,532039.000,
2021-09-27,45.030,46.540,44.950,45.830,667905.000,
2021-09-28,45.840,47.720,45.830,47.160,709925.000,
2021-09-29,46.690,48.910,46.350,48.300,904610.000,
2021-09-30,48.140,48.170,46.840,47.190,586118.000,
2021-10-08,46.760,47.820,46.760,47.670,645553.000,
2021-10-11,48.180,50.920,48.180,49.740,971779.000,
2021-10-12,49.440,50.530,49.040,49.830,589373.000,
2021-10-13,49.690,50.140,48.790,49.770,442557.000,
2021-10-14,49.730,49.990,48.940,49.100,288996.000,
2021-10-15,49.190,50.180,49.090,50.050,420358.000,
2021-10-18,50.050,50.090,48.290,48.600,577945.000,
2021-10-19,48.990,50.060,48.740,49.620,481693.000,
2021-10-20,49.950,50.380,49.020,49.140,305710.000,
2021-10-21,49.590,50.740,49.340,50.490,576587.000,
2021-10-22,50.830,51.540,50.470,51.030,547151.000,
2021-10-25,50.570,51.670,49.840,51.330,623341.000,
2021-10-26,51.330,52.970,51.040,52.040,715424.000,
2021-10-27,51.940,51.940,50.570,51.260,420394.000,
2021-10-28,51.040,51.740,50.590,50.960,346232.000,
2021-10-29,50.960,51.490,50.440,50.710,405439.000,
2021-11-01,50.740,51.640,50.040,50.860,425018.000,
2021-11-02,51.090,51.230,48.410,48.990,752206.000,
2021-11-03,49.090,49.230,48.410,48.440,444372.000,
2021-11-04,48.740,48.840,48.020,48.490,482915.000,
2021-11-05,48.460,48.850,48.160,48.300,361974.000,
2021-11-08,48.060,48.640,47.540,48.040,386749.000,
2021-11-09,48.140,48.440,47.340,47.800,387884.000,
2021-11-10,47.800,47.890,46.780,47.370,558071.000,
2021-11-11,47.290,49.610,47.200,49.560,849732.000,
2021-11-12,49.560,49.920,48.990,49.140,343597.000,
2021-11-15,49.530,50.350,49.110,49.670,366950.000,
2021-11-16,49.640,50.120,48.900,49.240,322315.000,
2021-11-17,48.960,49.570,48.550,48.580,339386.000,
2021-11-18,48.540,48.740,47.740,48.150,342443.000,
2021-11-19,48.220,49.480,47.850,49.070,464668.000,
2021-11-22,48.840,49.080,48.330,48.430,376538.000,
2021-11-23,48.490,49.040,48.180,48.490,389149.000,
2021-11-24,48.330,48.640,47.910,48.480,315040.000,
2021-11-25,48.440,48.440,47.980,48.160,215660.000,
2021-11-26,47.940,48.190,46.620,46.840,823357.000,
2021-11-29,46.520,46.840,45.560,46.560,827247.000,
2021-11-30,46.220,46.590,45.650,46.230,610043.000,
2021-12-01,46.220,46.940,46.020,46.730,500361.000,
2021-12-02,46.750,47.740,46.230,47.630,556070.000,
2021-12-03,47.810,48.020,47.210,47.990,494076.000,
2021-12-06,48.230,49.140,48.070,48.560,604716.000,
2021-12-07,49.030,49.320,47.840,48.580,540774.000,
2021-12-08,48.720,49.020,48.140,48.780,490975.000,
2021-12-09,48.990,50.580,48.540,49.870,840557.000,
2021-12-10,49.640,50.230,49.420,50.230,564263.000,
2021-12-13,50.300,50.940,49.150,49.160,645546.000,
2021-12-14,49.060,49.240,47.590,47.890,810629.000,
2021-12-15,47.740,48.080,47.520,47.740,378493.000,
2021-12-16,47.650,48.040,47.350,47.940,383653.000,
2021-12-17,47.830,48.140,47.400,47.510,476449.000,
2021-12-20,47.440,48.040,47.130,47.430,470826.000,
2021-12-21,47.390,47.730,47.040,47.370,356944.000,
2021-12-22,47.370,47.490,46.620,46.750,436828.000,
2021-12-23,46.850,47.000,46.420,46.960,423709.000,
2021-12-24,46.960,46.960,46.580,46.600,344651.000,
2021-12-27,46.610,46.800,45.740,46.070,735943.000,
2021-12-28,46.070,46.540,45.940,46.370,653221.000,
2021-12-29,46.410,46.460,44.350,44.360,1438903.000,
2021-12-30,44.630,45.520,44.400,45.240,967917.000,
2021-12-31,45.280,45.620,45.070,45.450,492935.000,
2022-01-04,45.450,45.450,44.250,45.090,719606.000,
2022-01-05,45.230,46.420,45.140,45.790,837174.000,
2022-01-06,45.560,46.130,44.840,44.890,681867.000,
2022-01-07,44.880,45.880,44.780,45.790,660737.000,
2022-01-10,46.210,46.740,45.650,45.970,570936.000,
2022-01-11,46.230,46.840,45.630,46.590,715617.000,
2022-01-12,46.610,46.840,45.930,46.500,518411.000,
2022-01-13,46.590,46.790,45.860,46.080,401408.000,
2022-01-14,46.210,46.210,44.740,44.760,666571.000,
2022-01-17,45.110,45.590,44.630,45.320,531808.000,
2022-01-18,45.390,46.080,45.020,45.750,579077.000,
2022-01-19,46.210,46.720,45.850,46.440,620280.000,
2022-01-20,46.620,48.630,46.620,48.110,1386249.000,
2022-01-21,48.130,48.740,47.950,48.560,858081.000,
2022-01-24,48.690,48.740,47.770,48.590,638155.000,
2022-01-25,48.290,48.530,47.440,47.640,583513.000,
2022-01-26,47.990,48.230,47.340,47.740,436696.000,
2022-01-27,47.640,47.920,46.860,47.510,529401.000,
2022-01-28,47.790,47.940,45.890,45.950,715144.000,
2022-02-07,47.040,48.240,46.870,48.090,732349.000,
2022-02-08,48.290,48.740,47.730,48.450,528242.000,
2022-02-09,48.640,49.080,48.020,48.360,512207.000,
2022-02-10,48.640,48.640,47.740,48.450,335542.000,
2022-02-11,48.560,49.740,48.390,49.500,809933.000,
2022-02-14,49.730,49.730,47.740,47.940,594052.000,
2022-02-15,47.690,48.120,46.690,46.960,566179.000,
2022-02-16,47.300,48.100,46.970,47.810,404956.000,
2022-02-17,48.010,48.720,47.660,48.200,441570.000,
2022-02-18,47.990,48.850,47.990,48.800,354390.000,
2022-02-21,48.570,48.630,47.750,48.500,313451.000,
2022-02-22,47.820,48.090,47.480,47.960,369840.000,
2022-02-23,48.200,48.200,47.390,47.570,375000.000,
2022-02-24,47.290,47.320,46.590,46.760,482381.000,
2022-02-25,46.780,47.240,46.290,46.550,451841.000,
2022-02-28,46.330,46.680,46.050,46.540,335290.000,
2022-03-01,46.740,47.240,46.100,46.980,406454.000,
2022-03-02,46.540,46.970,46.180,46.210,397076.000,
2022-03-03,46.320,46.710,46.190,46.470,311290.000,
2022-03-04,45.990,46.130,45.240,45.440,577897.000,
2022-03-07,44.750,45.000,43.240,43.500,1014354.000,
2022-03-08,43.300,43.510,41.940,42.220,834665.000,
2022-03-09,42.340,42.470,39.750,41.130,900431.000,
2022-03-10,42.340,42.440,41.370,41.440,671496.000,
2022-03-11,41.240,41.530,39.840,41.190,740525.000,
2022-03-14,40.240,40.720,38.840,38.890,1080466.000,
2022-03-15,38.350,38.350,35.920,36.190,1313092.000,
2022-03-16,36.800,39.540,36.650,39.320,1377449.000,
2022-03-17,40.890,41.910,40.410,41.250,1319648.000,
2022-03-18,41.340,42.910,40.760,42.910,923585.000,
2022-03-21,42.630,42.630,41.340,41.550,791032.000,
2022-03-22,41.780,42.600,41.560,42.270,549038.000,
2022-03-23,42.430,42.710,42.040,42.500,469960.000,
2022-03-24,42.340,42.830,42.100,42.510,380332.000,
2022-03-25,42.450,42.690,41.740,41.920,318259.000,
2022-03-28,41.580,42.240,40.990,41.790,386459.000,
2022-03-29,41.890,42.290,41.650,41.750,349621.000,
2022-03-30,42.100,43.040,42.090,42.970,520723.000,
2022-03-31,42.730,43.860,42.560,43.540,615885.000,
2022-04-01,43.230,44.210,43.020,43.840,476139.000,
2022-04-06,43.140,44.470,43.120,44.130,478269.000,
2022-04-07,44.090,44.330,43.320,43.600,377201.000,
2022-04-08,43.440,43.920,43.340,43.920,364235.000,
2022-04-11,43.450,43.610,42.330,42.640,492612.000,
2022-04-12,42.940,43.200,41.850,42.440,588840.000,
2022-04-13,42.440,42.840,42.050,42.490,448223.000,
2022-04-14,42.750,43.170,42.490,42.500,326613.000,
2022-04-15,42.440,43.740,42.230,43.570,423159.000,
2022-04-18,42.700,42.700,39.520,40.130,2366775.000,
2022-04-19,38.740,39.490,38.140,38.840,2504770.000,
2022-04-20,38.540,38.720,37.640,37.840,1318269.000,
2022-04-21,37.440,38.840,37.340,38.020,1143501.000,
2022-04-22,37.400,39.710,37.390,39.240,1195340.000,
2022-04-25,37.120,37.690,35.460,35.570,2368745.000,
2022-04-26,35.600,35.900,34.340,35.150,1454719.000,
2022-04-27,34.570,35.370,34.350,34.780,1546208.000,
2022-04-28,34.800,36.820,34.690,36.360,1564523.000,
2022-04-29,35.840,36.950,35.460,36.670,1236929.000,
2022-05-05,36.400,36.920,35.760,36.000,944251.000,
2022-05-06,35.440,35.490,34.640,34.650,889455.000,
2022-05-09,34.540,34.560,32.890,33.210,1252406.000,
2022-05-10,32.720,33.900,32.000,33.720,1217637.000,
2022-05-11,33.570,34.300,33.340,33.950,872399.000,
2022-05-12,33.540,33.800,33.170,33.350,630023.000,
2022-05-13,33.720,34.340,33.640,33.890,701301.000,
2022-05-16,33.870,33.870,33.180,33.630,644742.000,
2022-05-17,34.100,35.370,34.100,35.340,1183954.000,
2022-05-18,35.740,35.820,34.640,35.240,887755.000,
2022-05-19,34.630,34.990,34.260,34.770,542011.000,
2022-05-20,35.490,36.920,35.490,36.700,1338872.000,
2022-05-23,36.710,36.790,36.190,36.230,618088.000,
2022-05-24,36.340,36.570,35.580,35.640,687430.000,
2022-05-25,35.720,35.840,35.380,35.520,489025.000,
2022-05-26,35.740,35.740,34.820,35.170,615430.000,
2022-05-27,35.640,36.150,35.470,35.860,608396.000,
2022-05-30,36.240,36.240,35.530,35.810,471537.000,
2022-05-31,35.790,36.490,35.540,36.430,645404.000,
2022-06-01,36.440,36.440,36.010,36.430,433834.000,
2022-06-02,36.040,36.170,35.480,35.660,547281.000,
2022-06-06,35.590,35.770,34.840,35.710,698703.000,
2022-06-07,35.700,36.240,35.410,36.090,622726.000,
2022-06-08,36.100,36.340,35.760,36.270,596931.000,
2022-06-09,36.240,37.340,36.150,37.030,908607.000,
2022-06-10,36.650,36.900,36.240,36.860,795394.000,
2022-06-13,36.300,36.300,35.080,35.310,971312.000,
2022-06-14,34.940,36.040,34.850,35.980,598362.000,
2022-06-15,35.930,37.840,35.930,37.220,1394895.000,
2022-06-16,37.620,37.720,36.700,36.700,636883.000,
2022-06-17,36.580,36.910,36.010,36.590,550731.000,
2022-06-20,36.630,36.840,36.140,36.440,614206.000,
2022-06-21,36.480,37.390,36.190,37.070,583914.000,
2022-06-22,37.140,37.210,36.040,36.050,730712.000,
2022-06-23,36.060,36.950,36.060,36.880,616030.000,
2022-06-24,37.010,37.330,36.400,36.940,639950.000,
2022-06-27,37.070,38.100,36.890,37.990,893408.000,
2022-06-28,37.840,38.160,37.640,38.020,499164.000,
2022-06-29,38.010,38.450,37.730,37.750,622804.000,
2022-06-30,37.780,39.440,37.700,38.940,832628.000,
2022-07-01,39.120,39.120,37.950,38.120,695748.000,
2022-07-04,38.020,38.110,37.540,37.790,486918.000,
2022-07-05,38.200,38.410,37.500,37.720,534538.000,
2022-07-06,37.700,37.830,36.340,36.540,885266.000,
2022-07-07,36.540,36.910,36.290,36.490,508129.000,
2022-07-08,36.940,36.960,36.370,36.550,480361.000,
2022-07-11,36.320,36.430,35.940,36.180,403755.000,
2022-07-12,36.100,36.540,35.770,36.040,580630.000,
2022-07-13,35.810,35.990,34.430,34.640,1410831.000,
2022-07-14,33.910,33.930,32.240,33.220,2325234.000,
2022-07-15,33.362,34.222,33.122,33.132,1382452.000,"{'nd': '2021', 'fh_sh': '15.22', 'djr': '2022-07-14', 'cqr': '2022-07-15', 'FHcontent': '10派15.22元'}"
2022-07-18,33.412,34.102,33.272,33.892,903080.000,
2022-07-19,33.762,34.112,33.462,33.972,537814.000,
2022-07-20,34.202,34.382,33.972,34.112,469689.000,
2022-07-21,33.802,34.092,33.632,33.722,466241.000,
2022-07-22,33.812,34.312,33.512,33.852,510333.000,
2022-07-25,33.642,34.242,33.482,34.112,404649.000,
2022-07-26,34.112,34.612,34.052,34.592,456285.000,
2022-07-27,34.492,34.612,34.172,34.312,442471.000,
2022-07-28,34.362,34.612,34.012,34.042,570668.000,
2022-07-29,34.092,34.442,33.272,33.332,649706.000,
2022-08-01,33.252,33.272,32.712,32.782,705883.000,
2022-08-02,32.462,32.472,31.592,32.172,811608.000,
2022-08-03,32.162,32.752,31.212,31.322,1003206.000,
2022-08-04,31.592,31.962,31.492,31.922,593073.000,
2022-08-05,32.072,32.602,31.882,32.562,488719.000,
2022-08-08,32.452,32.752,31.882,32.172,572112.000,
2022-08-09,32.212,32.212,31.662,31.862,498671.000,
2022-08-10,31.822,31.962,31.292,31.412,529605.000,
2022-08-11,31.722,32.662,31.442,32.622,826688.000,
2022-08-12,32.422,32.702,32.292,32.632,402001.000,
2022-08-15,32.362,32.592,31.792,31.992,459181.000,
2022-08-16,32.122,32.632,32.012,32.172,479155.000,
2022-08-17,32.262,32.592,31.802,32.502,453955.000,
2022-08-18,32.392,32.432,31.702,31.982,507344.000,
2022-08-19,31.742,32.412,31.722,32.112,428450.000,
2022-08-22,31.802,32.382,31.762,31.882,525635.000,
2022-08-23,31.852,31.862,31.282,31.362,539657.000,
2022-08-24,31.402,31.702,31.062,31.102,589659.000,
2022-08-25,31.162,32.032,30.852,31.952,650739.000,
2022-08-26,31.962,32.302,31.592,31.962,549683.000,
2022-08-29,31.572,32.082,31.372,31.542,389014.000,
2022-08-30,31.372,32.132,31.342,32.052,590877.000,
2022-08-31,31.802,33.502,31.732,33.312,1665451.000,
2022-09-01,33.122,33.302,32.752,32.762,607421.000,
2022-09-02,32.862,33.162,32.382,32.582,476635.000,
2022-09-05,32.512,32.652,31.822,32.492,467372.000,
2022-09-06,32.582,33.012,31.762,31.882,877561.000,
2022-09-07,31.612,31.742,31.322,31.642,625220.000,
2022-09-08,31.632,31.792,31.512,31.562,416672.000,
2022-09-09,31.712,33.022,31.642,32.762,1351666.000,
2022-09-13,32.712,33.912,32.552,33.612,1438611.000,
2022-09-14,33.162,33.562,32.972,33.122,560786.000,
2022-09-15,33.412,34.322,33.412,34.272,1340950.000,
2022-09-16,33.952,34.262,33.182,33.212,865161.000,
2022-09-19,33.152,33.582,33.012,33.352,449981.000,
2022-09-20,33.362,33.452,32.612,32.802,504346.000,
2022-09-21,32.712,33.142,32.122,32.672,530389.000,
2022-09-22,32.262,32.512,32.172,32.432,385146.000,
2022-09-23,32.262,32.922,32.262,32.622,366437.000,
2022-09-26,32.282,32.782,32.102,32.212,525491.000,
2022-09-27,32.152,32.312,31.702,32.162,475414.000,
2022-09-28,32.052,32.262,31.682,31.932,487299.000,
2022-09-29,32.252,32.582,31.262,31.412,617859.000,
2022-09-30,31.522,32.212,31.382,31.912,539717.000,
2022-10-10,31.252,31.352,29.512,30.062,1277991.000,
2022-10-11,30.052,30.332,29.572,29.662,618664.000,
2022-10-12,29.512,29.562,28.312,29.212,1173700.000,
2022-10-13,28.732,28.822,27.962,28.152,1350381.000,
2022-10-14,28.562,29.482,28.362,29.342,1269197.000,
2022-10-17,28.962,29.442,28.802,29.282,646310.000,
2022-10-18,29.562,29.642,28.962,29.062,562814.000,
2022-10-19,28.982,29.332,28.472,28.522,528275.000,
2022-10-20,28.262,28.712,28.142,28.332,551154.000,
2022-10-21,28.412,28.532,27.762,27.842,728711.000,
2022-10-24,27.652,27.752,26.262,26.282,1451458.000,
2022-10-25,26.282,26.732,26.072,26.452,860282.000,
2022-10-26,26.242,26.582,26.022,26.192,754022.000,
2022-10-27,26.462,26.702,26.162,26.202,762866.000,
2022-10-28,25.862,26.262,25.252,25.442,949464.000,
2022-10-31,25.162,25.392,24.562,25.082,953033.000,
2022-11-01,25.362,26.512,25.272,26.452,1059019.000,
2022-11-02,26.422,26.962,26.112,26.682,728361.000,
2022-11-03,26.612,26.642,26.142,26.312,501722.000,
2022-11-04,26.312,27.512,26.252,27.342,926830.000,
2022-11-07,27.062,27.692,26.882,27.422,545380.000,
2022-11-08,27.462,27.642,27.202,27.412,439782.000,
2022-11-09,27.412,27.812,27.262,27.442,463060.000,
2022-11-10,27.262,27.562,27.032,27.452,400046.000,
2022-11-11,28.362,30.062,27.972,29.502,1688717.000,
2022-11-14,30.762,31.952,30.592,31.402,2049685.000,
2022-11-15,31.412,32.092,31.012,31.542,913305.000,
2022-11-16,31.522,31.742,31.122,31.642,614594.000,
2022-11-17,31.562,31.562,30.262,30.572,1037152.000,
2022-11-18,30.552,30.942,30.092,30.332,562732.000,
2022-11-21,29.862,30.232,29.312,30.132,479104.000,
2022-11-22,30.332,31.142,30.062,30.712,654167.000,
2022-11-23,30.592,31.212,30.412,30.482,577644.000,
2022-11-24,30.862,31.132,30.342,30.482,406301.000,
2022-11-25,30.472,31.482,30.442,31.282,830122.000,
2022-11-28,30.362,30.372,29.712,30.222,809377.000,
2022-11-29,31.052,33.172,31.012,33.122,1753187.000,
2022-11-30,32.592,33.702,32.462,33.222,873325.000,
2022-12-01,34.162,34.762,33.112,33.262,831397.000,
2022-12-02,33.262,33.262,32.422,32.652,598462.000,
2022-12-05,33.232,34.362,32.872,34.362,1050604.000,
2022-12-06,34.172,34.242,33.682,34.112,651104.000,
2022-12-07,34.062,34.212,33.562,33.582,564606.000,
2022-12-08,33.512,34.032,33.422,33.712,443552.000,
2022-12-09,34.062,35.192,33.892,35.012,958163.000,
2022-12-12,34.672,34.862,33.942,34.052,606262.000,
2022-12-13,33.992,34.522,33.872,34.402,382904.000,
2022-12-14,34.402,35.302,34.282,35.172,644362.000,
2022-12-15,34.882,35.222,34.482,34.592,403403.000,
2022-12-16,34.562,35.462,34.562,35.352,607820.000,
2022-12-19,35.362,35.602,34.512,34.762,547843.000,
2022-12-20,34.502,34.812,33.562,33.982,702911.000,
2022-12-21,34.252,34.492,33.972,34.212,330498.000,
2022-12-22,34.792,35.112,34.512,34.762,359715.000,
2022-12-23,34.552,35.062,34.412,34.632,330584.000,
2022-12-26,34.612,35.062,34.152,34.212,360474.000,
2022-12-27,34.712,35.242,34.592,34.932,367907.000,
2022-12-28,34.932,35.782,34.842,35.592,528860.000,
2022-12-29,35.162,35.582,34.912,35.492,513629.000,
2022-12-30,35.602,35.892,35.452,35.522,523228.000,
2023-01-03,35.342,36.042,34.792,35.842,606266.000,
2023-01-04,36.042,37.092,35.792,36.912,836454.000,
2023-01-05,37.252,37.532,36.662,36.762,619085.000,
2023-01-06,36.922,37.192,36.152,36.642,590007.000,
2023-01-09,36.672,37.362,36.672,37.062,499149.000,
2023-01-10,37.042,37.062,36.422,36.512,541972.000,
2023-01-11,36.642,37.442,36.402,37.182,541707.000,
2023-01-12,37.372,37.412,36.992,37.312,304349.000,
2023-01-13,37.332,37.922,37.232,37.922,463767.000,
2023-01-16,38.262,39.402,38.062,38.732,880469.000,
2023-01-17,38.712,39.202,38.542,38.942,432047.000,
2023-01-18,38.912,39.212,38.492,38.642,294675.000,
2023-01-19,38.462,39.062,38.182,38.912,472490.000,
2023-01-20,39.242,39.362,38.942,39.312,413403.000,
2023-01-30,40.812,40.892,40.112,40.292,1007007.000,
2023-01-31,40.612,40.612,39.472,39.472,642312.000,
2023-02-01,39.902,39.952,38.212,38.802,916791.000,
2023-02-02,38.962,39.012,37.812,38.292,727233.000,
2023-02-03,38.052,38.052,37.272,37.562,638164.000,
2023-02-06,36.982,37.002,36.142,36.612,731001.000,
2023-02-07,36.762,37.202,36.422,36.672,426571.000,
2023-02-08,36.762,37.182,36.622,36.752,317065.000,
2023-02-09,36.682,37.152,36.582,36.752,498175.000,
2023-02-10,36.562,36.652,36.162,36.422,411026.000,
2023-02-13,36.162,36.242,35.332,35.982,825181.000,
2023-02-14,36.042,36.322,35.772,36.262,486077.000,
2023-02-15,36.262,36.352,35.262,35.432,771048.000,
2023-02-16,35.462,36.112,35.282,35.532,654152.000,
2023-02-17,35.412,35.642,34.942,34.972,575813.000,
2023-02-20,35.082,36.772,35.082,36.752,1080228.000,
2023-02-21,36.692,37.082,36.392,36.952,530465.000,
2023-02-22,36.722,36.862,36.402,36.422,383091.000,
2023-02-23,36.422,37.032,36.422,36.532,370638.000,
2023-02-24,36.432,36.512,35.662,35.722,533690.000,
2023-02-27,35.532,35.842,35.352,35.422,449334.000,
2023-02-28,35.432,35.742,35.112,35.572,378226.000,
2023-03-01,35.512,36.602,35.462,36.512,571194.000,
2023-03-02,36.302,36.762,36.032,36.512,349070.000,
2023-03-03,36.762,37.032,36.162,36.512,357114.000,
2023-03-06,36.282,36.492,35.172,35.262,810519.000,
2023-03-07,35.152,35.742,34.672,34.822,737411.000,
2023-03-08,34.512,34.582,34.062,34.262,616584.000,
2023-03-09,34.262,34.342,33.762,33.842,539996.000,
2023-03-10,33.312,33.922,33.212,33.292,558454.000,
2023-03-13,33.182,33.642,32.972,33.312,584205.000,
2023-03-14,32.942,33.192,32.602,32.842,626668.000,
2023-03-15,33.412,33.972,33.142,33.142,676384.000,
2023-03-16,32.762,33.412,32.472,32.912,403895.000,
2023-03-17,33.282,33.632,32.282,32.622,832716.000,
2023-03-20,32.702,33.172,32.282,32.382,520725.000,
2023-03-21,32.472,32.762,32.272,32.492,367475.000,
2023-03-22,32.782,32.992,32.542,32.802,459867.000,
2023-03-23,32.662,33.602,32.582,33.462,542146.000,
2023-03-24,33.242,33.242,32.492,32.692,678718.000,
2023-03-27,32.862,32.862,32.312,32.472,449836.000,
2023-03-28,32.672,32.982,32.442,32.662,533234.000,
2023-03-29,32.872,32.962,32.362,32.382,418630.000,
2023-03-30,32.412,32.652,31.972,32.612,562290.000,
2023-03-31,32.622,33.082,32.402,32.532,577794.000,
2023-04-03,32.572,32.712,32.242,32.632,504675.000,
2023-04-04,32.642,32.682,32.322,32.542,487821.000,
2023-04-06,32.432,32.432,31.992,32.062,486796.000,
2023-04-07,32.112,32.522,32.012,32.402,394141.000,
2023-04-10,32.412,32.562,32.232,32.502,330159.000,
2023-04-11,32.502,32.602,31.892,31.992,733992.000,
2023-04-12,32.152,32.212,31.922,32.002,416128.000,
2023-04-13,31.912,32.502,31.512,32.272,634305.000,
2023-04-14,32.462,33.052,32.282,32.652,693923.000,
2023-04-17,32.582,33.462,32.362,33.462,893730.000,
2023-04-18,33.472,34.612,33.382,33.942,942715.000,
2023-04-19,34.102,34.102,33.562,33.762,510886.000,
2023-04-20,33.862,34.002,33.122,33.252,680915.000,
2023-04-21,33.252,33.442,32.692,32.762,531591.000,
2023-04-24,32.782,32.952,31.772,31.862,729874.000,
2023-04-25,31.872,32.402,31.772,32.292,512213.000,
2023-04-26,32.062,32.222,31.612,32.082,496501.000,
2023-04-27,31.232,31.252,30.402,30.892,1559279.000,
2023-04-28,30.722,32.012,30.672,31.862,940213.000,
2023-05-04,31.552,32.662,31.092,32.392,725433.000,
2023-05-05,32.442,33.322,32.412,32.952,800890.000,
2023-05-08,33.122,34.212,32.902,33.862,1064266.000,
2023-05-09,33.942,34.362,33.222,33.252,985530.000,
2023-05-10,33.162,33.382,32.552,32.662,638374.000,
2023-05-11,32.862,33.592,32.662,32.712,445803.000,
2023-05-12,32.732,32.812,32.262,32.302,459366.000,
2023-05-15,32.352,33.112,31.972,32.962,528095.000,
2023-05-16,33.212,33.462,32.832,33.082,385248.000,
2023-05-17,33.072,33.392,32.692,32.762,396376.000,
2023-05-18,32.992,33.102,32.472,32.712,329012.000,
2023-05-19,32.612,32.712,32.202,32.212,392990.000,
2023-05-22,32.242,32.602,32.242,32.462,296934.000,
2023-05-23,32.472,32.642,31.862,31.862,346921.000,
2023-05-24,31.852,31.852,31.192,31.192,463999.000,
2023-05-25,31.022,31.022,30.422,30.682,706051.000,
2023-05-26,30.702,31.122,30.482,31.002,294624.000,
2023-05-29,31.212,31.212,30.702,30.952,387301.000,
2023-05-30,30.952,31.162,30.622,30.902,340072.000,
2023-05-31,30.862,31.062,30.502,30.562,525414.000,
2023-06-01,30.572,30.762,30.282,30.322,472399.000,
2023-06-02,30.482,31.362,30.462,31.332,558856.000,
2023-06-05,31.332,31.532,31.102,31.302,312730.000,
2023-06-06,31.302,32.062,31.242,31.332,386634.000,
2023-06-07,31.512,31.872,31.422,31.562,338906.000,
2023-06-08,31.582,32.482,31.482,32.342,549615.000,
2023-06-09,32.312,32.512,32.002,32.002,415109.000,
2023-06-12,31.992,32.182,31.642,31.992,406774.000,
2023-06-13,31.822,32.202,31.762,31.992,231246.000,
2023-06-14,32.192,32.302,31.652,31.652,382633.000,
2023-06-15,31.762,32.052,31.572,31.982,369537.000,
2023-06-16,32.122,32.302,32.012,32.192,426806.000,
2023-06-19,32.172,32.172,31.822,31.842,278961.000,
2023-06-20,31.762,31.822,31.362,31.452,307649.000,
2023-06-21,31.322,31.902,31.262,31.432,427866.000,
2023-06-26,31.192,31.362,30.682,30.872,432103.000,
2023-06-27,30.892,31.272,30.702,31.082,345715.000,
2023-06-28,31.072,31.442,30.982,31.312,333818.000,
2023-06-29,31.312,31.442,30.932,30.942,258548.000,
2023-06-30,30.992,31.262,30.902,31.022,293613.000,
2023-07-03,31.162,32.022,31.062,31.982,453668.000,
2023-07-04,31.862,31.862,31.622,31.772,224087.000,
2023-07-05,31.762,31.762,31.102,31.292,413072.000,
2023-07-06,31.292,31.382,30.772,30.842,407842.000,
2023-07-07,30.762,30.842,30.552,30.572,472794.000,
2023-07-10,30.782,30.952,30.592,30.712,272077.000,
2023-07-11,30.992,31.062,30.732,30.972,329167.000,
2023-07-12,30.982,31.702,30.982,31.462,632049.000,
2023-07-13,31.990,32.000,31.450,31.850,563850.000,"{'nd': '2022', 'fh_sh': '17.38', 'djr': '2023-07-12', 'cqr': '2023-07-13', 'FHcontent': '10派17.38元'}"
2023-07-14,31.940,32.190,31.780,31.930,347521.000,
2023-07-17,31.770,31.780,31.430,31.650,262003.000,
2023-07-18,31.650,31.770,31.390,31.460,316389.000,
2023-07-19,31.290,31.640,31.260,31.580,240296.000,
2023-07-20,31.770,32.100,31.600,31.690,272394.000,
2023-07-21,31.800,31.980,31.610,31.800,315669.000,
2023-07-24,31.460,31.730,31.400,31.450,239122.000,
2023-07-25,32.000,33.350,32.000,33.270,1261621.000,
2023-07-26,33.270,33.730,33.070,33.350,501751.000,
2023-07-27,33.500,33.820,33.200,33.660,548489.000,
2023-07-28,33.490,35.290,33.410,35.100,1256288.000,
2023-07-31,35.520,36.040,35.010,35.560,1162756.000,
2023-08-01,35.530,35.580,34.770,34.990,660096.000,
2023-08-02,34.160,34.820,33.770,34.030,915358.000,
2023-08-03,34.020,34.780,33.870,34.680,509294.000,
2023-08-04,35.080,35.500,34.720,34.880,812642.000,
2023-08-07,34.750,34.780,34.280,34.500,344672.000,
2023-08-08,34.330,34.650,33.810,34.150,502283.000,
2023-08-09,34.020,34.310,33.950,34.020,386833.000,
2023-08-10,33.900,34.250,33.800,34.140,287725.000,
2023-08-11,34.160,34.470,33.150,33.150,606240.000,
2023-08-14,32.800,32.830,32.250,32.460,667073.000,
2023-08-15,32.460,32.640,32.150,32.360,582959.000,
2023-08-16,32.150,32.250,31.880,31.970,580152.000,
2023-08-17,31.780,31.870,31.490,31.790,646076.000,
2023-08-18,31.750,32.630,31.750,31.880,674595.000,
2023-08-21,31.810,31.840,31.130,31.130,809575.000,
2023-08-22,31.210,31.470,31.000,31.320,601070.000,
2023-08-23,31.200,31.440,30.850,30.850,560744.000,
2023-08-24,31.000,31.150,30.800,31.060,412256.000,
2023-08-25,31.000,31.850,30.900,31.560,647471.000,
2023-08-28,33.300,33.930,32.030,32.260,1405094.000,
2023-08-29,32.260,32.440,31.770,32.040,721170.000,
2023-08-30,32.190,32.190,31.550,31.660,639802.000,
2023-08-31,31.800,32.080,31.490,31.550,503220.000,
2023-09-01,31.950,32.630,31.880,32.270,697526.000,
2023-09-04,32.580,33.610,32.470,33.530,1104299.000,
2023-09-05,33.300,33.440,32.970,33.110,447323.000,
2023-09-06,33.100,33.460,32.770,33.360,546740.000,
2023-09-07,33.310,33.310,33.010,33.140,358702.000,
2023-09-08,33.000,33.260,32.950,33.170,298501.000,
2023-09-11,33.130,33.290,32.910,32.910,632874.000,
2023-09-12,32.900,33.050,32.820,32.880,277591.000,
2023-09-13,32.950,33.080,32.660,32.750,298915.000,
2023-09-14,32.950,33.190,32.850,33.070,437344.000,
2023-09-15,33.300,33.420,32.800,32.960,439602.000,
2023-09-18,32.870,33.050,32.700,33.020,360402.000,
2023-09-19,33.000,33.000,32.720,32.960,384653.000,
2023-09-20,32.860,32.860,32.630,32.730,309318.000,
2023-09-21,32.750,32.810,32.370,32.370,390319.000,
2023-09-22,32.590,33.370,32.320,33.340,712833.000,
2023-09-25,33.280,33.280,32.900,33.000,456515.000,
2023-09-26,32.930,33.080,32.750,32.800,322024.000,
2023-09-27,32.900,33.090,32.750,32.820,352467.000,
2023-09-28,33.020,33.140,32.750,32.970,388565.000,
2023-10-09,32.700,32.700,32.380,32.580,361343.000,
2023-10-10,33.120,33.130,32.590,32.590,342637.000,
2023-10-11,32.840,32.850,32.400,32.450,376091.000,
2023-10-12,32.990,33.330,32.780,33.070,617460.000,
2023-10-13,32.780,32.880,32.510,32.610,410372.000,
2023-10-16,32.580,32.660,32.240,32.310,286774.000,
2023-10-17,32.390,32.600,32.220,32.520,286229.000,
2023-10-18,32.490,32.640,32.410,32.490,249317.000,
2023-10-19,32.400,32.400,31.520,31.570,604293.000,
2023-10-20,31.490,31.810,31.400,31.650,372589.000,
2023-10-23,31.590,31.650,31.000,31.230,393802.000,
2023-10-24,31.380,31.410,31.040,31.300,365527.000,
2023-10-25,31.600,31.750,31.200,31.420,375693.000,
2023-10-26,31.360,31.750,31.260,31.500,287030.000,
2023-10-27,31.450,31.650,31.150,31.530,391453.000,
2023-10-30,31.010,31.130,30.550,30.900,838501.000,
2023-10-31,30.740,30.990,30.610,30.760,528016.000,
2023-11-01,30.800,30.880,30.430,30.450,529897.000,
2023-11-02,30.600,30.810,30.510,30.680,364668.000,
2023-11-03,30.680,31.040,30.600,30.990,439569.000,
2023-11-06,31.150,31.350,30.960,31.140,519824.000,
2023-11-07,31.140,31.140,30.650,30.800,516241.000,
2023-11-08,30.740,30.780,30.500,30.600,445183.000,
2023-11-09,30.550,30.780,30.520,30.660,327650.000,
2023-11-10,30.500,30.560,30.100,30.160,516965.000,
2023-11-13,30.170,30.270,29.610,29.820,634243.000,
2023-11-14,29.870,30.200,29.860,30.200,448343.000,
2023-11-15,30.450,30.770,30.390,30.640,601940.000,
2023-11-16,30.670,30.770,30.370,30.540,315720.000,
2023-11-17,30.460,30.520,30.100,30.330,432453.000,
2023-11-20,30.340,30.590,30.140,30.580,369227.000,
2023-11-21,30.750,30.870,30.370,30.430,488545.000,
2023-11-22,30.300,30.410,30.150,30.160,273705.000,
2023-11-23,30.020,30.210,29.950,30.140,299794.000,
2023-11-24,30.060,30.100,29.930,30.000,291163.000,
2023-11-27,30.000,30.030,29.290,29.400,581020.000,
2023-11-28,29.410,29.490,29.040,29.160,475165.000,
2023-11-29,29.200,29.240,28.680,28.800,620638.000,
2023-11-30,28.800,28.980,28.600,28.790,551560.000,
2023-12-01,28.720,28.740,28.070,28.260,882736.000,
2023-12-04,28.270,28.460,28.020,28.080,557878.000,
2023-12-05,28.060,28.070,27.500,27.510,618902.000,
2023-12-06,27.560,27.960,27.450,27.760,611259.000,
2023-12-07,27.770,27.940,27.290,27.810,594967.000,
2023-12-08,27.700,27.950,27.500,27.500,533498.000,
2023-12-11,27.250,27.850,26.900,27.760,758086.000,
2023-12-12,27.700,28.070,27.610,28.050,504201.000,
2023-12-13,27.920,27.920,27.200,27.220,671239.000,
2023-12-14,27.440,27.640,27.030,27.030,445268.000,
2023-12-15,27.470,28.050,27.200,27.230,980687.000,
2023-12-18,27.000,27.380,26.900,27.280,477164.000,
2023-12-19,27.200,27.350,27.020,27.290,376574.000,
2023-12-20,27.310,27.410,27.060,27.060,531128.000,
2023-12-21,26.980,27.750,26.920,27.710,759105.000,
2023-12-22,27.780,27.850,27.410,27.610,623644.000,
2023-12-25,27.600,27.720,27.420,27.530,419034.000,
2023-12-26,27.490,27.490,27.160,27.270,365257.000,
2023-12-27,27.330,27.370,27.050,27.300,410637.000,
2023-12-28,27.250,28.130,27.250,27.990,1061063.000,
2023-12-29,27.900,28.050,27.770,27.820,655773.000,
2024-01-02,27.950,27.960,27.560,27.580,542195.000,
2024-01-03,27.580,27.840,27.520,27.770,433956.000,
2024-01-04,27.760,27.830,27.360,27.810,637102.000,
2024-01-05,27.750,28.780,27.620,28.290,1190633.000,
2024-01-08,28.170,28.590,27.950,28.130,816821.000,
2024-01-09,28.120,28.280,27.900,28.170,558663.000,
2024-01-10,28.020,28.350,28.020,28.050,453640.000,
2024-01-11,28.000,28.570,27.850,28.380,735318.000,
2024-01-12,28.260,28.780,28.260,28.540,577832.000,
2024-01-15,28.500,28.940,28.370,28.770,482452.000,
2024-01-16,28.630,29.130,28.600,29.130,853440.000,
2024-01-17,29.120,29.580,29.030,29.190,1308601.000,
2024-01-18,28.940,29.680,28.600,29.580,1295126.000,
2024-01-19,29.370,29.900,29.140,29.730,968616.000,
2024-01-22,29.760,30.500,29.700,30.250,1549703.000,
2024-01-23,30.010,30.350,29.800,29.990,886056.000,
2024-01-24,30.150,30.290,29.380,30.090,974892.000,
2024-01-25,30.310,31.000,30.180,30.900,1234509.000,
2024-01-26,30.920,31.350,30.660,31.120,1009916.000,
2024-01-29,31.200,31.600,31.170,31.350,838824.000,
2024-01-30,31.200,31.500,30.780,31.000,743999.000,
2024-01-31,30.920,31.190,30.590,30.710,808949.000,
2024-02-01,30.670,30.840,30.200,30.420,859700.000,
2024-02-02,30.450,30.660,29.640,30.230,987292.000,
2024-02-05,30.230,30.950,30.060,30.710,1063979.000,
2024-02-06,30.710,31.350,30.600,31.330,1062158.000,
2024-02-07,31.420,31.480,30.810,31.310,1110511.000,
2024-02-08,31.310,31.450,31.020,31.400,873004.000,
2024-02-19,31.990,31.990,31.410,31.620,875490.000,
2024-02-20,31.620,31.620,31.290,31.400,606405.000,
2024-02-21,31.400,33.390,31.350,33.000,1528656.000,
2024-02-22,32.810,32.950,32.390,32.800,752760.000,
2024-02-23,32.810,33.400,32.620,32.950,639849.000,
2024-02-26,32.860,33.060,32.080,32.250,666390.000,
2024-02-27,32.240,32.400,31.990,32.180,543492.000,
2024-02-28,32.290,32.290,31.600,32.020,683708.000,
2024-02-29,31.890,32.200,31.850,32.040,498928.000,
2024-03-01,31.920,32.080,31.750,31.940,427174.000,
2024-03-04,31.760,31.870,31.470,31.520,591350.000,
2024-03-05,31.420,32.210,31.310,32.180,894029.000,
2024-03-06,32.140,32.260,31.870,31.870,516102.000,
2024-03-07,31.870,32.130,31.780,32.000,519492.000,
2024-03-08,31.890,32.010,31.550,31.670,441071.000,
2024-03-11,31.550,31.750,31.200,31.480,738538.000,
2024-03-12,31.420,32.150,31.280,31.950,769254.000,
2024-03-13,31.960,31.990,31.430,31.520,469387.000,
2024-03-14,31.460,31.720,31.160,31.250,508175.000,
2024-03-15,31.240,31.420,31.000,31.180,520781.000,
2024-03-18,31.150,31.340,31.000,31.130,461898.000,
2024-03-19,31.100,31.110,30.730,30.800,547025.000,
2024-03-20,30.800,31.200,30.660,31.180,498272.000,
2024-03-21,31.170,31.760,31.050,31.550,646761.000,
2024-03-22,31.530,31.550,30.900,31.200,552879.000,
2024-03-25,31.110,31.510,30.920,31.350,483759.000,
2024-03-26,31.800,32.660,31.730,32.400,1244308.000,
2024-03-27,32.290,32.650,32.210,32.300,782085.000,
2024-03-28,32.340,32.500,32.070,32.180,694745.000,
2024-03-29,32.100,32.640,32.070,32.200,514001.000,
